LastName,FirstName,MiddleInitial,EmpID,PositionID,DepartmentID,Manager,DateofHire,Salary,PersonalEmail,MobileNo,Sex,DOB,MaritalDesc,CitizenDesc,RaceDesc,State,Zip,DateofTermination,TermReason,EmploymentStatus,RecruitmentSource,PerformanceScore,EngagementSurvey,EmpSatisfaction,LastPerformanceReview_Date,Absences
Adinolfi     ,Wilson     ,K,10026,30,5,Michael Albert,07/05/2011,62506,adinolfi.wilson@yahoo.com,,male,07/10/1983,Single,US Citizen,White,MA,1960,,N/A-StillEmployed,Active,LinkedIn,Exceeds,4.6,5,01/17/2019,1
sidi       ,Karthikeyan,Q,10084,15,2,Simon Roup,03/30/2015,104437,sidi.Karthikeyan@gmail.com,,male,05/05/1975,Married,US Citizen,White,MA,2148,06/16/2016,career change,Voluntarily Terminated,Indeed,Fully Meets,4.96,3,02/24/2016,17
Akinkuolie,Sarah,K,10196,31,5,Kissy Sullivan,07/05/2011,64955,Akinkuolie.Sarah@yahoo.com,,female,09/19/1988,Married,US Citizen,White,MA,1810,09/24/2012,hours,Voluntarily Terminated,LinkedIn,Fully Meets,3.02,3,05/15/2012,3
Alagbe,Mike,P,10088,30,5,Elijiah Gray,01/07/2008,64991,Alagbe.Mike@outlook.com,,female,09/27/1988,Married,US Citizen,White,MA,1886,,N/A-StillEmployed,Active,Indeed,Fully Meets,4.84,5,01/03/2019,15
Anderson,CAROL,N,10069,30,5,Webster Butler,07/11/2011,50825,Anderson.CAROL@outlook.com,,female,09/08/1989,Divorced,US Citizen,White,MA,2169,09/06/2016,return to school,Voluntarily Terminated,Google Search,Fully Meets,5,4,02/01/2016,2
Anderson,Linda,D,10002,30,5,Amy Dunn,01/09/2012,57568,Anderson.Linda@hotmail.com,,female,05/22/1977,Single,US Citizen,White,MA,1844,,N/A-StillEmployed,Active,LinkedIn,Exceeds,5,5,01/07/2019,15
andreola,Colby,Z,10194,23,3,Alex Sweetwater,11/10/2014,95660,andreola.Colby@gmail.com,,female,05/24/1979,Single,US Citizen,White,MA,2110,,N/A-StillEmployed,Active,LinkedIn,Fully Meets,3.04,3,01/02/2019,19
Athwal,Sam,X,10062,30,5,Ketsia Liebig,09/30/2013,59365,Athwal.Sam@gmail.com,,male,02/18/1983,Widowed,US Citizen,White,MA,2199,,N/A-StillEmployed,Active,Employee Referral,Fully Meets,5,4,02/25/2019,19
Bachiochi,Linda,D,10114,30,5,Brannon Miller,07/06/2009,47837,Bachiochi.Linda@gmail.com,,female,02/11/1970,Single,US Citizen,Black or African American,MA,1902,,N/A-StillEmployed,Active,Diversity Job Fair,Fully Meets,4.46,3,01/25/2019,4
Bacong,Alejandro,M,10250,28,2,Peter Monroe,01/05/2015,50178,Bacong.Alejandro@outlook.com,,male,01/07/1988,Divorced,US Citizen,White,MA,1886,,N/A-StillEmployed,Active,Indeed,Fully Meets,5,5,02/18/2019,16
Baczenski,Rachael,G,10252,30,5,David Stanley,01/10/2011,54670,Baczenski.Rachael@outlook.com,,female,01/12/1974,Married,US Citizen,Black or African American,MA,1902,01/12/2017,Another position,Voluntarily Terminated,Diversity Job Fair,Fully Meets,4.2,4,01/30/2016,12
BARBARA,Thomas,T,10242,30,5,Kissy Sullivan,04/02/2012,47211,BARBARA.Thomas@hotmail.com,,male,02/21/1974,Married,US Citizen,Black or African American,MA,2062,09/19/2016,unhappy,Voluntarily Terminated,Diversity Job Fair,Fully Meets,4.2,3,05/06/2016,15
Barbossa,Hector,A,10012,21,2,Simon Roup,11/10/2014,92328,Barbossa.Hector@hotmail.com,,male,07/04/1988,Divorced,US Citizen,Black or African American,TX,78230,,N/A-StillEmployed,Active,Diversity Job Fair,Exceeds,4.28,4,02/25/2019,9
Barone,Francesco,Q,10265,30,5,Kelley Spirea,02/20/2012,58709,Barone.Francesco@yahoo.com,,male,07/20/1983,Single,US Citizen,Two or more races,MA,1810,,N/A-StillEmployed,Active,Google Search,Fully Meets,4.6,4,02/14/2019,7
Barton,Nader,O,10066,30,5,Michael Albert,09/24/2012,52505,Barton.Nader@gmail.com,,male,07/15/1977,Divorced,US Citizen,White,MA,2747,04/06/2017,Another position,Voluntarily Terminated,On-line Web application,Fully Meets,5,5,03/02/2017,1
Bates,Norman,Z,10061,30,5,Kelley Spirea,02/21/2011,57834,Bates.Norman@hotmail.com,,male,10/18/1981,Single,US Citizen,White,MA,2050,08/04/2017,attendance,Terminated for Cause,Google Search,Fully Meets,5,4,04/05/2017,20
Beak,Kimberly,Q,10023,31,5,Kelley Spirea,07/21/2016,70131,Beak.Kimberly@hotmail.com,,female,04/17/1966,Married,US Citizen,White,MA,2145,,N/A-StillEmployed,Active,Employee Referral,Exceeds,4.4,3,01/14/2019,16
bAEtrIcE,Courtney,F,10055,30,5,Elijiah Gray,04/04/2011,59026,bAEtrIcE.Courtney@hotmail.com,,female,10/27/1970,Single,Eligible NonCitizen,White,MA,1915,,N/A-StillEmployed,Active,Google Search,Fully Meets,5,5,01/14/2019,12
Mike,Scott,R,10277,30,5,Webster Butler,07/08/2013,53250,Mike.Scott@gmail.com,,male,04/06/1979,Single,US Citizen,Asian,MA,2452,,N/A-StillEmployed,Active,LinkedIn,Fully Meets,4.2,4,01/11/2019,13
Bernstein,Sean,H,10046,30,5,Amy Dunn,04/02/2012,51044,Bernstein.Sean@hotmail.com,,male,12/22/1970,Single,US Citizen,White,MA,2072,,N/A-StillEmployed,Active,Google Search,Fully Meets,5,3,01/14/2019,13
Biden,Lowan,Y,10226,30,5,Ketsia Liebig,08/19/2013,64919,Biden.Lowan@yahoo.com,,female,12/27/1958,Divorced,US Citizen,Asian,MA,2027,,N/A-StillEmployed,Active,Indeed,Fully Meets,4.2,3,01/10/2019,2
Billis,Helen,I,10003,30,5,Brannon Miller,07/07/2014,62910,Billis.Helen@hotmail.com,,female,09/01/1989,Married,US Citizen,White,MA,2031,,N/A-StillEmployed,Active,Indeed,Exceeds,5,3,02/27/2019,19
Blount,dianna,R,10294,31,5,Michael Albert,04/04/2011,66441,Blount.dianna@gmail.com,,female,09/21/1990,Single,US Citizen,White,MA,2171,,N/A-StillEmployed,Active,CareerBuilder,Needs Improvement,2,3,02/27/2019,3
Bondwell,BetsY,G,10267,31,5,Elijiah Gray,01/10/2011,57815,Bondwell.BetsY@yahoo.com,,female,01/16/1967,Single,US Citizen,White,MA,2210,04/04/2014,career change,Voluntarily Terminated,Google Search,Fully Meets,4.8,5,03/04/2014,5
Booth,Frank,C,10199,25,2,Simon Roup,02/17/2014,103613,Booth.Frank@gmail.com,,male,07/30/1964,Single,US Citizen,Black or African American,CT,6033,02/19/2016,Learned that he is a gangster,Terminated for Cause,LinkedIn,Fully Meets,3.5,5,01/10/2016,2
Boutwell,Bonalyn,G,10081,16,6,Brandon R. LeBlanc,02/16/2015,106367,Boutwell.Bonalyn@gmail.com,,female,04/04/1987,Married,US Citizen,Black or African American,MA,2468,,N/A-StillEmployed,Active,Diversity Job Fair,Fully Meets,5,4,02/18/2019,4
Bozzi,Charles,S,10175,7,5,Janet King,09/30/2013,74312,Bozzi.Charles@hotmail.com,,male,03/10/1970,Single,US Citizen,Asian,MA,1901,08/07/2014,retiring,Voluntarily Terminated,Indeed,Fully Meets,3.39,3,02/20/2014,14
Brill,Donna,D,10177,30,5,David Stanley,04/02/2012,53492,Brill.Donna@outlook.com,,female,08/24/1990,Married,US Citizen,White,MA,1701,06/15/2013,Another position,Voluntarily Terminated,Google Search,Fully Meets,3.35,4,03/04/2013,6
brown,Mia        ,R,10238,27,6,Brandon R. LeBlanc,10/27/2008,63000,brown.Mia@gmail.com,,female,11/24/1987,Married,US Citizen,Black or African American,MA,1450,,N/A-StillEmployed,Active,Diversity Job Fair,Fully Meets,4.5,2,01/15/2019,14
Buccheri,Joseph,T,10184,31,5,Webster Butler,09/29/2014,65288,Buccheri.Joseph@hotmail.com,,male,07/28/1983,Single,US Citizen,White,MA,1013,,N/A-StillEmployed,Active,Google Search,Fully Meets,3.19,3,02/01/2019,9
Bugali,Josephine,K,10203,30,5,Kissy Sullivan,11/11/2013,64375,Bugali.Josephine@yahoo.com,,female,10/30/1969,Separated,US Citizen,Black or African American,MA,2043,,N/A-StillEmployed,Active,Diversity Job Fair,Fully Meets,3.5,5,01/21/2019,17
Bunbury,Jessica,S,10188,8,4,John Smith,08/15/2011,74326,Bunbury.Jessica@yahoo.com,,female,06/01/1964,Married,Eligible NonCitizen,Black or African American,VA,21851,08/02/2014,Another position,Voluntarily Terminated,Google Search,Fully Meets,3.14,5,02/10/2013,19
Burke,Joelle,P,10107,31,5,Amy Dunn,03/05/2012,63763,Burke.Joelle@hotmail.com,,female,03/02/1980,Single,US Citizen,Black or African American,MA,2148,,N/A-StillEmployed,Active,Employee Referral,Fully Meets,4.51,4,02/21/2019,3
Burkett,Benjamin,I,10181,31,5,Ketsia Liebig,04/04/2011,62162,Burkett.Benjamin@yahoo.com,,male,08/19/1977,Married,US Citizen,White,MA,1890,,N/A-StillEmployed,Active,Indeed,Fully Meets,3.25,5,01/14/2019,15
Cady,Max,V,10150,9,3,Jennifer Zamora,08/15/2011,77692,Cady.Max@gmail.com,,male,11/22/1966,Single,US Citizen,White,MA,2184,,N/A-StillEmployed,Active,Google Search,Fully Meets,3.84,3,01/21/2019,4
Candie,Calvin,S,10001,7,5,Janet King,01/28/2016,72640,Candie.Calvin@hotmail.com,,male,08/09/1983,Single,US Citizen,White,MA,2169,,N/A-StillEmployed,Active,Indeed,Exceeds,5,3,02/22/2019,14
Carabbio,Judith,I,10085,23,3,Alex Sweetwater,11/11/2013,93396,Carabbio.Judith@outlook.com,,female,04/05/1987,Single,US Citizen,White,MA,2132,,N/A-StillEmployed,Active,Indeed,Fully Meets,4.96,4,01/30/2019,3
Carey,Michael,B,10115,30,5,Kelley Spirea,03/31/2014,52846,Carey.Michael@hotmail.com,,male,02/02/1983,Single,US Citizen,Black or African American,MA,1701,,N/A-StillEmployed,Active,LinkedIn,Fully Meets,4.43,3,02/01/2019,14
Carr,Claudia,H,10082,15,2,Simon Roup,06/30/2016,100031,Carr.Claudia@outlook.com,,female,06/06/1986,Single,US Citizen,Black or African American,MA,1886,,N/A-StillEmployed,Active,LinkedIn,Fully Meets,5,5,02/18/2019,7
Carter,Michelle,A,10040,8,4,John Smith,08/18/2014,71860,Carter.Michelle@outlook.com,,female,05/15/1963,Single,US Citizen,White,VT,5664,,N/A-StillEmployed,Active,Indeed,Fully Meets,5,5,01/21/2019,7
Chace,Beatrice,C,10067,30,5,Michael Albert,09/29/2014,61656,Chace.Beatrice@yahoo.com,,female,01/02/1951,Single,US Citizen,White,MA,2763,,N/A-StillEmployed,Active,Google Search,Fully Meets,5,4,02/12/2019,11
Champaigne,Brian,U,10108,6,2,Jennifer Zamora,09/06/2016,110929,Champaigne.Brian@gmail.com,,male,02/09/1972,Married,US Citizen,White,MA,2045,,N/A-StillEmployed,Active,Indeed,Fully Meets,4.5,5,01/15/2019,8
Chan,Lin,I,10210,30,5,Elijiah Gray,05/12/2014,54237,Chan.Lin@outlook.com,,female,02/12/1979,Single,US Citizen,White,MA,2170,,N/A-StillEmployed,Active,Indeed,Fully Meets,3.3,4,02/19/2019,11
Chang,Donovan,E,10154,30,5,Webster Butler,07/08/2013,60380,Chang.Donovan@hotmail.com,,male,08/24/1983,Single,US Citizen,White,MA,1845,,N/A-StillEmployed,Active,LinkedIn,Fully Meets,3.8,5,01/14/2019,4
Chigurh,Anton,D,10200,8,4,Lynn Daneault,05/14/2012,66808,Chigurh.Anton@hotmail.com,,male,06/11/1970,Single,Eligible NonCitizen,Black or African American,TX,78207,,N/A-StillEmployed,Active,Employee Referral,Fully Meets,3,5,01/19/2019,17
Chivukula,Enola,E,10240,30,5,Amy Dunn,06/27/2011,64786,Chivukula.Enola@gmail.com,,female,08/27/1983,Single,US Citizen,White,MA,1775,11/15/2015,relocation out of area,Voluntarily Terminated,Indeed,Fully Meets,4.3,4,03/10/2015,3
Cierpiszewski,Caroline,A,10168,30,5,Ketsia Liebig,10/03/2011,64816,Cierpiszewski.Caroline@outlook.com,,female,05/31/1988,Single,Non-Citizen,Black or African American,MA,2044,,N/A-StillEmployed,Active,Indeed,Fully Meets,3.58,5,01/30/2019,3
Clayton,Rick,E,10220,28,2,Eric Dougall,09/05/2012,68678,Clayton.Rick@outlook.com,,male,09/05/1985,Single,US Citizen,White,MA,2170,,N/A-StillEmployed,Active,Indeed,Fully Meets,4.7,3,02/27/2019,2
Cloninger,Jennifer,S,10275,31,5,Brannon Miller,05/16/2011,64066,Cloninger.Jennifer@hotmail.com,,female,08/31/1981,Married,US Citizen,White,MA,1752,01/07/2013,unhappy,Voluntarily Terminated,Google Search,Fully Meets,4.2,5,05/03/2012,9
Close,Phil,O,10269,31,5,David Stanley,08/30/2010,59369,Close.Phil@gmail.com,,male,11/25/1978,Married,US Citizen,White,MA,2169,09/26/2011,career change,Voluntarily Terminated,Indeed,Fully Meets,4.2,4,05/04/2011,6
Clukey,Elijian,P,10029,30,5,Brannon Miller,07/06/2016,50373,Clukey.Elijian@yahoo.com,,male,08/26/1980,Married,US Citizen,White,MA,2134,,N/A-StillEmployed,Active,Employee Referral,Exceeds,4.1,4,02/28/2019,5
Cockel,James,W,10261,30,5,David Stanley,07/08/2013,63108,Cockel.James@gmail.com,,male,09/08/1977,Single,US Citizen,White,MA,2452,,N/A-StillEmployed,Active,Employee Referral,Fully Meets,4.4,5,01/14/2019,3
Cole,Spencer,H,10292,30,5,Kissy Sullivan,07/11/2011,59144,Cole.Spencer@yahoo.com,,male,08/12/1979,Single,US Citizen,Black or African American,MA,1880,09/23/2016,performance,Terminated for Cause,LinkedIn,Needs Improvement,2,3,05/01/2016,16
Corleone,Michael,W,10282,7,5,Janet King,07/20/2010,68051,Corleone.Michael@gmail.com,,male,12/17/1975,Divorced,US Citizen,White,MA,1803,,N/A-StillEmployed,Active,CareerBuilder,Needs Improvement,4.13,2,01/14/2019,3
Corleone,Vito,L,10019,3,5,Janet King,01/05/2009,170500,Corleone.Vito@hotmail.com,,male,03/19/1983,Single,US Citizen,Black or African American,MA,2030,,N/A-StillEmployed,Active,Indeed,Exceeds,3.7,5,02/04/2019,15
Cornett,Lisa,B,10094,30,5,Kelley Spirea,01/05/2015,63381,Cornett.Lisa@outlook.com,,female,03/31/1977,Married,US Citizen,White,MA,2189,,N/A-StillEmployed,Active,Indeed,Fully Meets,4.73,5,02/14/2019,6
Costello,Frank,N,10193,21,2,Simon Roup,03/30/2015,83552,Costello.Frank@hotmail.com,,male,08/26/1986,Married,US Citizen,White,MA,1810,,N/A-StillEmployed,Active,Indeed,Fully Meets,3.04,3,01/22/2019,2
Crimmings,Jean,M,10132,30,5,Michael Albert,07/06/2016,56149,Crimmings.Jean@yahoo.com,,female,04/10/1987,Single,US Citizen,White,MA,1821,,N/A-StillEmployed,Active,LinkedIn,Fully Meets,4.12,5,01/28/2019,15
Cross,Noah,X,10083,17,2,Peter Monroe,11/10/2014,92329,Cross.Noah@yahoo.com,,male,09/09/1965,Single,US Citizen,White,CT,6278,,N/A-StillEmployed,Active,Employee Referral,Fully Meets,5,3,01/02/2019,5
Daneault,Lynn,I,10099,10,4,Debra Houlihan,05/05/2014,65729,Daneault.Lynn@outlook.com,,female,04/19/1990,Single,US Citizen,White,VT,5473,,N/A-StillEmployed,Active,Indeed,Fully Meets,4.62,4,01/24/2019,8
Daniele,Ann,U,10212,17,2,Peter Monroe,11/10/2014,85028,Daniele.Ann@yahoo.com,,female,01/18/1952,Married,US Citizen,White,CT,6033,,N/A-StillEmployed,Active,LinkedIn,Fully Meets,3.1,5,02/12/2019,19
Darson,Jene'ya,J,10056,30,5,Elijiah Gray,07/02/2012,57583,Darson.Jene'ya@yahoo.com,,female,11/05/1978,Married,US Citizen,White,MA,2110,,N/A-StillEmployed,Active,Indeed,Fully Meets,5,3,02/25/2019,1
Davis,Daniel,C,10143,31,5,Kissy Sullivan,11/07/2011,56294,Davis.Daniel@hotmail.com,,male,09/14/1979,Single,Eligible NonCitizen,Two or more races,MA,2458,,N/A-StillEmployed,Active,LinkedIn,Fully Meets,3.96,4,02/27/2019,6
Dee,Randy,K,10311,30,5,Brannon Miller,07/09/2018,56991,Dee.Randy@gmail.com,,male,04/15/1988,Married,US Citizen,White,MA,2138,,N/A-StillEmployed,Active,Indeed,Fully Meets,4.3,4,01/31/2019,2
DeGweck, James,U,10070,30,5,Webster Butler,05/16/2011,55722,DeGweck.James@yahoo.com,,male,10/31/1977,Married,US Citizen,White,MA,1810,06/08/2016,unhappy,Voluntarily Terminated,Indeed,Fully Meets,5,4,04/02/2016,14
Del Bosque,Keyla,S,10155,23,3,Alex Sweetwater,01/09/2012,101199,Del Bosque.Keyla@outlook.com,,female,07/05/1979,Single,US Citizen,Black or African American,MA,2176,,N/A-StillEmployed,Active,CareerBuilder,Fully Meets,3.79,5,01/25/2019,8
Delarge,Alex,E,10306,8,4,John Smith,09/29/2014,61568,Delarge.Alex@gmail.com,,male,11/02/1975,Single,US Citizen,Two or more races,AL,36006,,N/A-StillEmployed,Active,Indeed,PIP,1.93,3,01/30/2019,5
Demita,Carla,Y,10100,31,5,Kelley Spirea,04/04/2011,58275,Demita.Carla@gmail.com,,female,02/25/1951,Separated,US Citizen,Black or African American,MA,2343,11/04/2015,more money,Voluntarily Terminated,Google Search,Fully Meets,4.62,5,05/06/2015,1
Desimone,Carl,Y,10310,30,5,Amy Dunn,07/07/2014,53189,Desimone.Carl@hotmail.com,,male,04/19/1967,Married,US Citizen,White,MA,2061,,N/A-StillEmployed,Active,Indeed,PIP,1.12,2,01/31/2019,9
DeVito,Tommy,B,10197,22,2,Brian Champaigne,02/15/2017,96820,DeVito.Tommy@gmail.com,,male,09/04/1983,Single,US Citizen,White,MA,2045,,N/A-StillEmployed,Active,Indeed,Fully Meets,3.01,5,01/23/2019,15
Dickinson,Geoff,B,10276,30,5,Ketsia Liebig,05/12/2014,51259,Dickinson.Geoff@hotmail.com,,male,11/15/1982,Single,US Citizen,White,MA,2180,,N/A-StillEmployed,Active,Indeed,Fully Meets,4.3,4,02/19/2019,1
Dietrich,Jenna,U,10304,8,4,John Smith,02/20/2012,59231,Dietrich.Jenna@gmail.com,,female,05/14/1987,Single,US Citizen,White,WA,98052,,N/A-StillEmployed,Active,Website,PIP,2.3,1,01/29/2019,17
DiNocco,Lily,L,10284,30,5,Brannon Miller,01/07/2013,61584,DiNocco.Lily@hotmail.com,,female,12/02/1978,Married,US Citizen,Black or African American,MA,2351,,N/A-StillEmployed,Active,Indeed,Needs Improvement,3.88,4,01/18/2019,6
Dobrin,Denisa,D,10207,30,5,David Stanley,04/02/2012,46335,Dobrin.Denisa@outlook.com,,female,10/07/1986,Single,US Citizen,White,MA,2125,,N/A-StillEmployed,Active,CareerBuilder,Fully Meets,3.4,5,02/19/2019,15
Dolan,Linda,C,10133,28,2,Peter Monroe,01/05/2015,70621,Dolan.Linda@yahoo.com,,female,07/18/1988,Married,US Citizen,White,MA,2119,,N/A-StillEmployed,Active,Employee Referral,Fully Meets,4.11,4,02/25/2019,16
Dougall,Eric,N,10028,11,2,Jennifer Zamora,01/05/2014,138888,Dougall.Eric@outlook.com,,male,07/09/1970,Single,US Citizen,Black or African American,MA,1886,,N/A-StillEmployed,Active,Indeed,Exceeds,4.3,5,01/04/2019,4
Driver,Elle,S,10006,8,4,Lynn Daneault,01/10/2011,74241,Driver.Elle@gmail.com,,female,11/08/1988,Single,US Citizen,White,CA,90007,,N/A-StillEmployed,Active,Indeed,Exceeds,4.77,5,01/27/2019,14
Dunn,Amy,Q,10105,7,5,Janet King,09/18/2014,75188,Dunn.Amy@gmail.com,,female,11/28/1973,Single,US Citizen,White,MA,1731,,N/A-StillEmployed,Active,Google Search,Fully Meets,4.52,4,01/15/2019,4
Dunne,Amy,H,10211,30,5,Ketsia Liebig,04/26/2010,62514,Dunne.Amy@hotmail.com,,female,09/23/1973,Married,US Citizen,White,MA,1749,,N/A-StillEmployed,Active,Google Search,Fully Meets,2.9,3,01/21/2019,6
Eaton,Marianne,A,10064,30,5,Kissy Sullivan,04/04/2011,60070,Eaton.Marianne@gmail.com,,female,09/05/1991,Married,US Citizen,White,MA,2343,06/06/2017,military,Voluntarily Terminated,Google Search,Fully Meets,5,3,04/09/2017,7
Engdahl,Jean,S,10247,30,5,Kelley Spirea,11/10/2014,48888,Engdahl.Jean@outlook.com,,male,05/31/1974,Single,US Citizen,White,MA,2026,,N/A-StillEmployed,Active,LinkedIn,Fully Meets,4.7,5,02/13/2019,8
England,Rex,S,10235,30,5,Kelley Spirea,03/31/2014,54285,England.Rex@gmail.com,,male,08/25/1978,Married,US Citizen,White,MA,2045,,N/A-StillEmployed,Active,Employee Referral,Fully Meets,4.2,3,01/11/2019,3
Erilus,Angela,G,10299,31,5,Michael Albert,07/07/2014,56847,Erilus.Angela@gmail.com,,female,08/25/1989,Separated,US Citizen,White,MA,2133,,N/A-StillEmployed,Active,Indeed,PIP,3,1,02/25/2019,5
Estremera,Miguel,R,10280,30,5,Michael Albert,04/02/2012,60340,Estremera.Miguel@hotmail.com,,male,09/02/1983,Single,US Citizen,White,MA,2129,09/27/2018,attendance,Terminated for Cause,Google Search,Needs Improvement,5,4,04/12/2018,16
Evensen,April,V,10296,30,5,Elijiah Gray,02/17/2014,59124,Evensen.April@hotmail.com,,female,05/06/1989,Single,US Citizen,White,MA,2458,02/25/2018,"no-call, no-show",Terminated for Cause,Google Search,Needs Improvement,2.3,3,01/15/2017,19
Exantus,Susan,N,10290,23,3,Alex Sweetwater,05/02/2011,99280,Exantus.Susan@outlook.com,,female,05/15/1987,Married,US Citizen,Black or African American,MA,1749,06/05/2013,attendance,Terminated for Cause,Indeed,Needs Improvement,2.1,5,08/10/2012,19
Faller,Megan,E,10263,31,5,Elijiah Gray,07/07/2014,71776,Faller.Megan@hotmail.com,,female,09/22/1978,Married,US Citizen,Black or African American,MA,1824,,N/A-StillEmployed,Active,LinkedIn,Fully Meets,4.4,5,02/22/2019,17
Fancett,Nicole,B,10136,31,5,Webster Butler,02/17/2014,65902,Fancett.Nicole@gmail.com,,female,09/27/1987,Single,US Citizen,Black or African American,MA,2324,,N/A-StillEmployed,Active,LinkedIn,Fully Meets,4,4,01/07/2019,7
Ferguson,Susan,Z,10189,30,5,Webster Butler,11/07/2011,57748,Ferguson.Susan@gmail.com,,female,04/14/1955,Married,US Citizen,White,MA,2176,05/17/2016,military,Voluntarily Terminated,Google Search,Fully Meets,3.13,3,02/04/2016,16
Fernandes,Nilson,X,10308,30,5,Amy Dunn,05/11/2015,64057,Fernandes.Nilson@gmail.com,,male,10/18/1989,Married,US Citizen,White,MA,2132,,N/A-StillEmployed,Active,Indeed,PIP,1.56,5,01/03/2019,15
Fett,Boba,T,10309,24,2,Peter Monroe,03/30/2015,53366,Fett.Boba@yahoo.com,,male,06/18/1987,Single,US Citizen,White,MA,2138,,N/A-StillEmployed,Active,LinkedIn,PIP,1.2,3,02/04/2019,2
Fidelia, Libby,A,10049,30,5,Brannon Miller,01/09/2012,58530,Fidelia.Libby@hotmail.com,,female,03/16/1981,Married,US Citizen,White,MA,2155,,N/A-StillEmployed,Active,Google Search,Fully Meets,5,5,01/29/2019,19
Fitzpatrick,Michael,O,10093,31,5,Amy Dunn,05/16/2011,72609,Fitzpatrick.Michael@gmail.com,,male,10/01/1981,Single,US Citizen,White,MA,2143,06/24/2013,hours,Voluntarily Terminated,Google Search,Fully Meets,4.76,5,04/05/2013,20
Foreman,Tanya,N,10163,31,5,Ketsia Liebig,04/04/2011,55965,Foreman.Tanya@outlook.com,,female,11/08/1983,Married,US Citizen,White,MA,2170,01/09/2013,career change,Voluntarily Terminated,Google Search,Fully Meets,3.66,3,01/07/2012,6
Forrest,Alex,X,10305,8,4,Lynn Daneault,09/29/2014,70187,Forrest.Alex@yahoo.com,,male,07/07/1975,Married,US Citizen,White,MA,2330,08/19/2018,Fatal attraction,Terminated for Cause,Employee Referral,PIP,2,5,01/28/2019,7
Foss,Jason,H,10015,4,2,Jennifer Zamora,04/15/2011,178000,Foss.Jason@yahoo.com,,male,07/05/1980,Single,US Citizen,Black or African American,MA,1460,,N/A-StillEmployed,Active,Indeed,Exceeds,5,5,01/07/2019,15
Foster-Baker,Amy,A,10080,16,6,Board of Directors,01/05/2009,99351,Foster-Baker.Amy@hotmail.com,,female,04/16/1979,Married,US Citizen,White,MA,2050,,N/A-StillEmployed,Active,Other,Fully Meets,5,3,02/08/2019,3
Fraval,Maruk,S,10258,8,4,Lynn Daneault,09/06/2011,67251,Fraval.Maruk@outlook.com,,male,08/28/1963,Single,US Citizen,Black or African American,CT,6050,,N/A-StillEmployed,Active,CareerBuilder,Fully Meets,4.3,3,01/27/2019,7
Galia,Lisa,H,10273,28,2,Eric Dougall,05/01/2010,65707,Galia.Lisa@yahoo.com,,female,07/06/1968,Single,US Citizen,White,CT,6040,,N/A-StillEmployed,Active,LinkedIn,Fully Meets,4.7,4,02/01/2019,1
Garcia,Raul,S,10111,30,5,David Stanley,03/30/2015,52249,Garcia.Raul@outlook.com,,male,09/15/1985,Single,US Citizen,White,MA,1905,,N/A-StillEmployed,Active,Employee Referral,Fully Meets,4.5,3,02/18/2019,5
Gaul,Barbara,H,10257,30,5,Kelley Spirea,05/16/2011,53171,Gaul.Barbara@hotmail.com,,female,12/02/1983,Single,US Citizen,Black or African American,MA,2121,,N/A-StillEmployed,Active,LinkedIn,Fully Meets,4.2,4,02/26/2019,12
Gentry,Mildred,Q,10159,30,5,Michael Albert,03/30/2015,51337,Gentry.Mildred@outlook.com,,female,10/01/1990,Married,US Citizen,Black or African American,MA,2145,,N/A-StillEmployed,Active,LinkedIn,Fully Meets,3.73,3,01/16/2019,19
Gerke,Melisa,X,10122,30,5,Elijiah Gray,11/07/2011,51505,Gerke.Melisa@yahoo.com,,female,05/15/1970,Divorced,US Citizen,Black or African American,MA,2330,11/15/2016,hours,Voluntarily Terminated,Diversity Job Fair,Fully Meets,4.24,4,04/29/2016,2
Gill,Whitney,W,10142,8,4,John Smith,07/07/2014,59370,Gill.Whitney@gmail.com,,female,07/10/1971,Widowed,US Citizen,Black or African American,OH,43050,09/05/2015,attendance,Terminated for Cause,CareerBuilder,Fully Meets,3.97,4,01/15/2014,7
Gilles,Alex,D,10283,30,5,Webster Butler,04/02/2012,54933,Gilles.Alex@hotmail.com,,male,08/09/1974,Married,US Citizen,Black or African American,MA,2062,06/25/2015,military,Voluntarily Terminated,Diversity Job Fair,Needs Improvement,3.97,4,01/20/2015,15
Girifalco,Evelyn,G,10018,30,5,Amy Dunn,09/29/2014,57815,Girifalco.Evelyn@yahoo.com,,female,05/08/1980,Single,US Citizen,Two or more races,MA,2451,,N/A-StillEmployed,Active,Indeed,Exceeds,3.9,4,02/07/2019,3
Givens,Myriam,L,10255,8,4,Lynn Daneault,02/16/2015,61555,Givens.Myriam@yahoo.com,,female,09/22/1989,Single,US Citizen,White,IN,46204,,N/A-StillEmployed,Active,Indeed,Fully Meets,4.5,5,01/25/2019,20
Goble,Taisha,J,10246,26,2,Simon Roup,02/16/2015,114800,Goble.Taisha@yahoo.com,,female,10/23/1971,Single,US Citizen,White,MA,2127,03/15/2015,"no-call, no-show",Terminated for Cause,Indeed,Fully Meets,4.6,4,01/20/2015,10
Goeth,Amon,N,10228,28,2,Peter Monroe,03/30/2015,74679,Goeth.Amon@gmail.com,,male,11/24/1989,Married,US Citizen,White,MA,2135,,N/A-StillEmployed,Active,LinkedIn,Fully Meets,4.3,5,01/10/2019,20
Gold,Shenice,U,10243,30,5,Ketsia Liebig,11/11/2013,53018,Gold.Shenice@outlook.com,,female,06/18/1992,Single,US Citizen,White,MA,2451,,N/A-StillEmployed,Active,Indeed,Fully Meets,4.3,5,02/18/2019,7
Gonzalez,Cayo,Q,10031,30,5,Brannon Miller,07/11/2011,59892,Gonzalez.Cayo@yahoo.com,,male,09/29/1969,Divorced,US Citizen,Black or African American,MA,2108,,N/A-StillEmployed,Active,Diversity Job Fair,Exceeds,4.5,4,02/18/2019,1
Gonzalez,Juan,K,10300,31,5,Brannon Miller,04/26/2010,68898,Gonzalez.Juan@yahoo.com,,male,10/12/1964,Married,US Citizen,Black or African American,MA,2128,05/30/2011,career change,Voluntarily Terminated,Diversity Job Fair,PIP,3,3,03/06/2011,10
Gonzalez,Maria,O,10101,28,2,Peter Monroe,01/05/2015,61242,Gonzalez.Maria@outlook.com,,female,04/16/1981,Separated,US Citizen,White,MA,2472,,N/A-StillEmployed,Active,Employee Referral,Fully Meets,4.61,4,01/28/2019,11
Good,Susan,P,10237,31,5,David Stanley,05/12/2014,66825,Good.Susan@yahoo.com,,female,05/25/1986,Married,US Citizen,White,MA,1886,,N/A-StillEmployed,Active,LinkedIn,Fully Meets,4.6,3,02/07/2019,20
Gordon,David,B,10051,30,5,David Stanley,07/02/2012,48285,Gordon.David@hotmail.com,,male,05/21/1979,Married,US Citizen,White,MA,2169,,N/A-StillEmployed,Active,LinkedIn,Fully Meets,5,3,01/14/2019,2
Gosciminski,Phylicia,A,10218,31,5,Kissy Sullivan,09/30/2013,66149,Gosciminski.Phylicia@hotmail.com,,female,12/08/1983,Separated,US Citizen,American Indian or Alaska Native,MA,1824,,N/A-StillEmployed,Active,Google Search,Fully Meets,4.4,5,02/21/2019,1
Goyal,Roxana,Q,10256,30,5,Kissy Sullivan,08/19/2013,49256,Goyal.Roxana@hotmail.com,,female,10/09/1974,Married,US Citizen,Asian,MA,1864,,N/A-StillEmployed,Active,LinkedIn,Fully Meets,4.1,5,02/15/2019,3
Gray,Elijiah,T,10098,7,5,Janet King,06/02/2015,62957,Gray.Elijiah@hotmail.com,,male,07/11/1981,Divorced,US Citizen,White,MA,1752,,N/A-StillEmployed,Active,Employee Referral,Fully Meets,4.63,3,01/04/2019,2
Gross,Paula,Q,10059,30,5,Kelley Spirea,02/21/2011,63813,Gross.Paula@gmail.com,,female,05/21/1983,Divorced,US Citizen,White,MA,2176,01/11/2014,more money,Voluntarily Terminated,CareerBuilder,Fully Meets,5,5,06/03/2013,17
Gruber,Hans,U,10234,22,2,Brian Champaigne,04/20/2017,99020,Gruber.Hans@hotmail.com,,male,06/30/1989,Married,US Citizen,Black or African American,MA,2134,,N/A-StillEmployed,Active,Indeed,Fully Meets,4.2,5,01/28/2019,8
Guilianno,Mike,B,10109,8,4,John Smith,03/07/2012,71707,Guilianno.Mike@hotmail.com,,male,02/09/1969,Single,US Citizen,Two or more races,TN,37129,10/31/2014,relocation out of area,Voluntarily Terminated,LinkedIn,Fully Meets,4.5,5,02/01/2013,20
Handschiegl,Joanne,I,10125,30,5,Michael Albert,11/28/2011,54828,Handschiegl.Joanne@hotmail.com,,female,03/23/1977,Married,US Citizen,White,MA,2127,,N/A-StillEmployed,Active,Google Search,Fully Meets,4.2,4,02/22/2019,13
Hankard,Earnest,Y,10074,31,5,Kelley Spirea,11/11/2013,64246,Hankard.Earnest@outlook.com,,male,08/10/1988,Single,US Citizen,White,MA,2155,,N/A-StillEmployed,Active,LinkedIn,Fully Meets,5,3,01/08/2019,20
Harrington,Christie,P,10097,30,5,Webster Butler,01/09/2012,52177,Harrington.Christie@outlook.com,,female,08/18/1952,Single,US Citizen,White,MA,2324,12/15/2015,retiring,Voluntarily Terminated,CareerBuilder,Fully Meets,4.64,4,05/02/2015,8
Harrison,Kara,G,10007,30,5,Amy Dunn,05/12/2014,62065,Harrison.Kara@outlook.com,,female,05/02/1974,Married,US Citizen,White,MA,1886,,N/A-StillEmployed,Active,CareerBuilder,Exceeds,4.76,4,02/15/2019,5
Heitzman,Anthony,L,10129,30,5,Ketsia Liebig,08/13/2012,46998,Heitzman.Anthony@yahoo.com,,male,01/04/1984,Single,US Citizen,White,MA,2149,,N/A-StillEmployed,Active,Google Search,Fully Meets,4.17,4,02/11/2019,1
Hendrickson,Trina,Z,10075,31,5,Kelley Spirea,01/10/2011,68099,Hendrickson.Trina@outlook.com,,female,08/27/1972,Single,US Citizen,White,MA,2021,06/18/2013,hours,Voluntarily Terminated,CareerBuilder,Fully Meets,5,3,01/30/2013,15
Hitchcock,Alfred,V,10167,8,4,John Smith,08/18/2014,70545,Hitchcock.Alfred@gmail.com,,male,09/14/1988,Married,US Citizen,American Indian or Alaska Native,NH,3062,,N/A-StillEmployed,Active,Indeed,Fully Meets,3.6,5,01/30/2019,9
Homberger,Adrienne,N,10195,31,5,Michael Albert,08/15/2011,63478,Homberger.Adrienne@yahoo.com,,female,02/16/1984,Married,Non-Citizen,White,MA,2445,04/07/2012,relocation out of area,Voluntarily Terminated,Indeed,Fully Meets,3.03,5,03/05/2012,16
Horton,Jayne,Z,10112,26,2,Simon Roup,03/30/2015,97999,Horton.Jayne@gmail.com,,female,02/21/1984,Single,US Citizen,White,MA,2493,,N/A-StillEmployed,Active,Indeed,Fully Meets,4.48,5,01/03/2019,4
Houlihan,Debra,T,10272,5,4,Janet King,05/05/2014,180000,Houlihan.Debra@hotmail.com,,female,03/17/1966,Married,US Citizen,White,RI,2908,,N/A-StillEmployed,Active,LinkedIn,Fully Meets,4.5,4,01/21/2019,19
Howard,Estelle,X,10182,29,6,Brandon R. LeBlanc,02/16/2015,49920,Howard.Estelle@yahoo.com,,female,09/16/1985,Married,US Citizen,Black or African American,MA,2170,04/15/2015,"no-call, no-show",Terminated for Cause,Indeed,Fully Meets,3.24,3,04/15/2015,6
Hudson,Jane,A,10248,30,5,Ketsia Liebig,02/20/2012,55425,Hudson.Jane@gmail.com,,female,06/10/1986,Single,US Citizen,White,MA,2176,,N/A-StillEmployed,Active,LinkedIn,Fully Meets,4.8,4,01/07/2019,4
Hunts,Julissa,Q,10201,31,5,Elijiah Gray,06/06/2016,69340,Hunts.Julissa@hotmail.com,,female,03/11/1984,Single,US Citizen,White,MA,2021,,N/A-StillEmployed,Active,LinkedIn,Fully Meets,3,5,01/18/2019,4
Hutter,Rosalie,M,10214,31,5,Webster Butler,06/05/2015,64995,Hutter.Rosalie@yahoo.com,,female,05/07/1992,Separated,US Citizen,White,MA,2351,,N/A-StillEmployed,Active,Indeed,Fully Meets,4.5,3,02/14/2019,6
Huynh,Ming,S,10160,31,5,Amy Dunn,02/21/2011,68182,Huynh.Ming@yahoo.com,,female,09/22/1976,Divorced,US Citizen,White,MA,1742,04/01/2013,unhappy,Voluntarily Terminated,Google Search,Fully Meets,3.72,3,02/01/2013,18
Immediato,Walter,Z,10289,7,5,Janet King,02/21/2011,83082,Immediato.Walter@gmail.com,,male,11/15/1976,Married,US Citizen,Asian,MA,2128,09/24/2012,unhappy,Voluntarily Terminated,Indeed,Needs Improvement,2.34,2,04/12/2012,4
Ivey,Rose,Y,10139,30,5,Brannon Miller,08/19/2013,51908,Ivey.Rose@hotmail.com,,female,01/28/1991,Single,US Citizen,White,MA,1775,,N/A-StillEmployed,Active,Indeed,Fully Meets,3.99,3,01/14/2019,14
Jackson,Maryellen,S,10227,30,5,David Stanley,11/05/2012,61242,Jackson.Maryellen@yahoo.com,,female,09/11/1972,Single,US Citizen,Black or African American,MA,2081,,N/A-StillEmployed,Active,LinkedIn,Fully Meets,4.1,3,01/17/2019,7
Jacobi,Hannah,C,10236,30,5,Kissy Sullivan,09/30/2013,45069,Jacobi.Hannah@yahoo.com,,female,03/22/1966,Divorced,US Citizen,White,MA,1778,,N/A-StillEmployed,Active,Employee Referral,Fully Meets,4.3,5,02/22/2019,7
Jeannite,Tayana,J,10009,31,5,Ketsia Liebig,07/05/2011,60724,Jeannite.Tayana@outlook.com,,female,11/06/1986,Divorced,US Citizen,American Indian or Alaska Native,MA,1821,,N/A-StillEmployed,Active,LinkedIn,Exceeds,4.6,4,02/25/2019,11
Jhaveri,Sneha,O,10060,30,5,Kelley Spirea,01/06/2014,60436,Jhaveri.Sneha@gmail.com,,female,04/13/1964,Separated,US Citizen,White,MA,2109,,N/A-StillEmployed,Active,LinkedIn,Fully Meets,5,5,01/21/2019,9
Johnson,George,W,10034,30,5,Michael Albert,11/07/2011,46837,Johnson.George@gmail.com,,male,08/19/1959,Married,US Citizen,White,MA,2445,04/29/2018,more money,Voluntarily Terminated,CareerBuilder,Exceeds,4.7,4,02/14/2018,9
Johnson,Noelle,W,10156,26,2,Simon Roup,01/05/2015,105700,Johnson.Noelle@yahoo.com,,female,11/07/1986,Married,US Citizen,Asian,MA,2301,,N/A-StillEmployed,Active,Indeed,Fully Meets,3.75,3,02/11/2019,2
Johnston,Yen,X,10036,31,5,Brannon Miller,07/07/2014,63322,Johnston.Yen@outlook.com,,female,09/08/1969,Single,US Citizen,White,MA,2128,,N/A-StillEmployed,Active,LinkedIn,Exceeds,4.3,3,01/11/2019,1
Jung,Judy,I,10138,30,5,Elijiah Gray,01/10/2011,61154,Jung.Judy@outlook.com,,female,04/17/1986,Married,US Citizen,Black or African American,MA,2446,04/01/2016,unhappy,Voluntarily Terminated,CareerBuilder,Fully Meets,4,4,02/03/2016,4
Kampew,Donysha,L,10244,10,4,Debra Houlihan,11/07/2011,68999,Kampew.Donysha@outlook.com,,female,11/11/1989,Single,US Citizen,White,PA,19444,04/24/2014,maternity leave - did not return,Voluntarily Terminated,Google Search,Fully Meets,4.5,5,03/30/2013,2
Keatts,Kramer,T,10192,30,5,Michael Albert,09/30/2013,50482,Keatts.Kramer@hotmail.com,,male,01/19/1976,Single,US Citizen,White,MA,1887,,N/A-StillEmployed,Active,Indeed,Fully Meets,3.07,4,01/23/2019,10
Khemmich,Bartholemew,F,10231,8,4,Lynn Daneault,08/19/2013,65310,Khemmich.Bartholemew@gmail.com,,male,11/27/1979,Single,US Citizen,White,CO,80820,,N/A-StillEmployed,Active,Indeed,Fully Meets,4.3,5,01/22/2019,13
King,Janet,S,10089,1,1,Board of Directors,07/02/2012,250000,King.Janet@gmail.com,,female,09/21/1954,Married,US Citizen,White,MA,1902,,N/A-StillEmployed,Active,Indeed,Fully Meets,4.83,3,01/17/2019,10
Kinsella,Kathleen,V,10166,30,5,Webster Butler,09/26/2011,54005,Kinsella.Kathleen@gmail.com,,female,12/08/1973,Married,US Citizen,White,MA,2170,06/04/2015,more money,Voluntarily Terminated,Google Search,Fully Meets,3.6,5,03/01/2015,16
Kirill,Alexandra,F,10170,30,5,Amy Dunn,09/26/2011,45433,Kirill.Alexandra@yahoo.com,,female,10/08/1970,Married,US Citizen,White,MA,2127,01/09/2014,more money,Voluntarily Terminated,Google Search,Fully Meets,3.49,4,01/30/2013,6
Knapp,Bradley,R,10208,30,5,Ketsia Liebig,02/17/2014,46654,Knapp.Bradley@hotmail.com,,male,11/10/1977,Single,US Citizen,Black or African American,MA,1721,,N/A-StillEmployed,Active,LinkedIn,Fully Meets,3.1,3,02/06/2019,3
Kretschmer,John,S,10176,30,5,Brannon Miller,01/10/2011,63973,Kretschmer.John@gmail.com,,male,02/02/1980,Married,US Citizen,Asian,MA,1801,,N/A-StillEmployed,Active,Indeed,Fully Meets,3.38,3,01/21/2019,17
Kreuger,Freddy,W,10165,8,4,John Smith,03/07/2011,71339,Kreuger.Freddy@outlook.com,,male,02/24/1969,Single,US Citizen,Black or African American,NY,10171,,N/A-StillEmployed,Active,Diversity Job Fair,Fully Meets,3.65,5,01/17/2019,20
Lajiri, Jyoti,J,10113,17,2,Peter Monroe,11/10/2014,93206,Lajiri.Jyoti@outlook.com,,male,04/23/1986,Married,US Citizen,White,MA,2169,,N/A-StillEmployed,Active,Employee Referral,Fully Meets,4.46,5,01/07/2019,7
Landa,Hans,F,10092,7,5,Janet King,01/10/2011,82758,Landa.Hans@hotmail.com,,male,07/01/1972,Married,US Citizen,White,MA,1890,12/12/2015,attendance,Terminated for Cause,Employee Referral,Fully Meets,4.78,4,02/15/2015,9
Langford,Lindsey,V,10106,31,5,David Stanley,01/07/2013,66074,Langford.Lindsey@hotmail.com,,female,07/25/1979,Divorced,US Citizen,Asian,MA,2090,03/31/2014,Another position,Voluntarily Terminated,Indeed,Fully Meets,4.52,3,02/20/2014,20
Langton,Enrico,G,10052,30,5,David Stanley,07/09/2012,46120,Langton.Enrico@outlook.com,,male,12/09/1986,Married,US Citizen,White,MA,2048,,N/A-StillEmployed,Active,LinkedIn,Fully Meets,5,5,02/04/2019,13
LaRotonda,William,M,10038,27,6,Brandon R. LeBlanc,01/06/2014,64520,LaRotonda.William@outlook.com,,male,04/26/1984,Divorced,US Citizen,Black or African American,MA,1460,,N/A-StillEmployed,Active,Website,Fully Meets,5,4,01/17/2019,3
Latif,Mohammed,L,10249,31,5,Kissy Sullivan,04/02/2012,61962,Latif.Mohammed@outlook.com,,male,05/09/1984,Married,US Citizen,White,MA,2126,04/15/2013,more money,Voluntarily Terminated,Google Search,Fully Meets,4.9,3,02/20/2013,20
Le,Binh,Z,10232,18,2,Brian Champaigne,10/02/2016,81584,Le.Binh@yahoo.com,,female,06/14/1987,Single,US Citizen,Asian,MA,1886,,N/A-StillEmployed,Active,Indeed,Fully Meets,4.1,5,01/08/2019,2
Leach,Dallas,M,10087,30,5,Kissy Sullivan,09/26/2011,63676,Leach.Dallas@hotmail.com,,female,01/17/1979,Single,US Citizen,Asian,MA,1810,08/19/2018,return to school,Voluntarily Terminated,CareerBuilder,Fully Meets,4.88,3,07/02/2017,17
LeBlanc,Brandon,L,10134,12,6,Janet King,01/05/2016,93046,LeBlanc.Brandon@yahoo.com,,male,06/10/1984,Married,US Citizen,White,MA,1460,,N/A-StillEmployed,Active,CareerBuilder,Fully Meets,4.1,4,01/28/2019,20
Lecter,Hannibal,R,10251,30,5,Elijiah Gray,05/14/2012,64738,Lecter.Hannibal@gmail.com,,male,09/02/1982,Married,US Citizen,Asian,MA,1776,,N/A-StillEmployed,Active,Google Search,Fully Meets,4.1,3,02/22/2019,10
Leruth,Giovanni,Z,10103,8,4,John Smith,04/30/2012,70468,Leruth.Giovanni@gmail.com,,male,12/27/1988,Separated,US Citizen,Black or African American,UT,84111,,N/A-StillEmployed,Active,Website,Fully Meets,4.53,3,01/29/2019,16
Liebig,Ketsia,Q,10017,7,5,Janet King,09/30/2013,77915,Liebig.Ketsia@gmail.com,,female,10/26/1981,Married,US Citizen,White,MA,2110,,N/A-StillEmployed,Active,Website,Exceeds,4.1,3,01/21/2019,11
Linares,Marilyn,Y,10186,30,5,Michael Albert,07/05/2011,52624,Linares.Marilyn@hotmail.com,,female,03/26/1981,Married,US Citizen,White,MA,1886,09/26/2018,unhappy,Voluntarily Terminated,Indeed,Fully Meets,3.18,4,03/02/2018,16
Linden,Mathew,F,10137,31,5,Kelley Spirea,07/08/2013,63450,Linden.Mathew@gmail.com,,male,03/19/1979,Married,US Citizen,White,MA,1770,,N/A-StillEmployed,Active,LinkedIn,Fully Meets,4,3,02/18/2019,7
Lindsay,Leonara,Q,10008,28,2,Eric Dougall,01/21/2011,51777,Lindsay.Leonara@gmail.com,,female,10/05/1988,Single,US Citizen,Black or African American,CT,6070,,N/A-StillEmployed,Active,Diversity Job Fair,Exceeds,4.64,4,01/25/2019,14
Lundy,Susan,V,10096,31,5,Michael Albert,07/08/2013,67237,Lundy.Susan@outlook.com,,female,12/26/1976,Widowed,US Citizen,White,MA,2122,09/15/2016,more money,Voluntarily Terminated,LinkedIn,Fully Meets,4.65,4,06/10/2016,15
Lunquist,Lisa,O,10035,31,5,Elijiah Gray,08/19/2013,73330,Lunquist.Lisa@yahoo.com,,female,03/28/1982,Single,US Citizen,Black or African American,MA,2324,,N/A-StillEmployed,Active,Indeed,Exceeds,4.2,4,02/12/2019,19
Lydon,Allison,E,10057,30,5,Elijiah Gray,02/16/2015,52057,Lydon.Allison@hotmail.com,,female,10/22/1975,Married,US Citizen,Black or African American,MA,2122,,N/A-StillEmployed,Active,Website,Fully Meets,5,3,01/23/2019,6
Lynch,Lindsay,B,10004,30,5,Webster Butler,11/07/2011,47434,Lynch.Lindsay@gmail.com,,female,02/14/1973,Single,US Citizen,Black or African American,MA,1844,11/14/2015,Another position,Voluntarily Terminated,Diversity Job Fair,Exceeds,5,4,02/02/2015,17
MacLennan,Samuel,O,10191,30,5,Amy Dunn,09/24/2012,52788,MacLennan.Samuel@hotmail.com,,male,11/09/1972,Widowed,US Citizen,White,MA,1938,09/26/2017,hours,Voluntarily Terminated,Indeed,Fully Meets,3.08,4,04/01/2017,18
Mahoney,Lauren,S,10219,30,5,Ketsia Liebig,01/06/2014,45395,Mahoney.Lauren@outlook.com,,female,07/07/1986,Single,US Citizen,White,MA,2189,,N/A-StillEmployed,Active,LinkedIn,Fully Meets,4.6,4,02/26/2019,14
Manchester,Robyn,J,10077,31,5,Webster Butler,05/11/2016,62385,Manchester.Robyn@gmail.com,,female,08/25/1976,Married,US Citizen,White,MA,2324,,N/A-StillEmployed,Active,LinkedIn,Fully Meets,5,3,01/21/2019,4
Mancuso,Karen,I,10073,31,5,Amy Dunn,07/05/2011,68407,Mancuso.Karen@hotmail.com,,female,12/10/1986,Married,US Citizen,Two or more races,MA,2176,08/19/2012,Another position,Voluntarily Terminated,LinkedIn,Fully Meets,5,4,07/02/2012,16
Mangal,Debbie,F,10279,30,5,Brannon Miller,11/11/2013,61349,Mangal.Debbie@gmail.com,,female,11/07/1974,Married,US Citizen,White,MA,2451,,N/A-StillEmployed,Active,LinkedIn,Fully Meets,4.1,3,01/22/2019,11
Martin,Sandra,U,10110,23,3,Alex Sweetwater,11/11/2013,105688,Martin.Sandra@hotmail.com,,female,11/07/1987,Single,US Citizen,Asian,MA,2135,,N/A-StillEmployed,Active,Google Search,Fully Meets,4.5,5,01/14/2019,14
Maurice,Shana,Z,10053,30,5,David Stanley,05/31/2011,54132,Maurice.Shana@gmail.com,,female,11/22/1977,Married,US Citizen,White,MA,2330,,N/A-StillEmployed,Active,Indeed,Fully Meets,5,4,01/10/2019,8
Carthy,B'rigit,J,10076,31,5,Ketsia Liebig,03/30/2015,55315,Carthy.B'rigit@outlook.com,,female,05/21/1987,Single,US Citizen,Black or African American,MA,2149,,N/A-StillEmployed,Active,LinkedIn,Fully Meets,5,5,02/07/2019,16
Mckenna,Sandy,W,10145,30,5,Kissy Sullivan,01/07/2013,62810,Mckenna.Sandy@yahoo.com,,female,01/07/1987,Married,US Citizen,Black or African American,MA,2184,,N/A-StillEmployed,Active,CareerBuilder,Fully Meets,3.93,3,01/30/2019,20
McKinzie,Jac,E,10202,8,4,Lynn Daneault,07/06/2016,63291,McKinzie.Jac@yahoo.com,,male,07/01/1984,Married,US Citizen,Two or more races,TX,78789,,N/A-StillEmployed,Active,Website,Fully Meets,3.4,4,01/29/2019,7
Meads,Elizabeth,J,10128,30,5,Kelley Spirea,04/02/2012,62659,Meads.Elizabeth@gmail.com,,female,05/30/1968,Single,US Citizen,Black or African American,MA,1760,11/11/2016,Another position,Voluntarily Terminated,Diversity Job Fair,Fully Meets,4.18,4,02/05/2016,17
Medeiros,Jennifer,N,10068,30,5,Michael Albert,03/30/2015,55688,Medeiros.Jennifer@hotmail.com,,female,09/22/1976,Single,US Citizen,White,MA,2346,,N/A-StillEmployed,Active,CareerBuilder,Fully Meets,5,4,01/21/2019,10
Miller,Brannon,T,10116,7,5,Janet King,08/16/2012,83667,Miller.Brannon@outlook.com,,male,08/10/1981,Single,US Citizen,Hispanic,MA,2045,,N/A-StillEmployed,Active,Indeed,Fully Meets,4.37,3,01/14/2019,2
Miller,Ned,P,10298,31,5,Brannon Miller,08/15/2011,55800,Miller.Ned@gmail.com,,male,06/29/1985,Single,US Citizen,White,MA,2472,09/04/2014,unhappy,Voluntarily Terminated,LinkedIn,PIP,3,2,01/14/2013,6
Monkfish,Erasumus,Z,10213,31,5,David Stanley,11/07/2011,58207,Monkfish.Erasumus@outlook.com,,male,08/17/1992,Married,US Citizen,White,MA,1450,,N/A-StillEmployed,Active,LinkedIn,Fully Meets,3.7,3,01/08/2019,14
Monroe,Peter,N,10288,13,2,Jennifer Zamora,02/15/2012,157000,Monroe.Peter@outlook.com,,male,10/05/1986,Married,Eligible NonCitizen,Black or African American,MA,2134,,N/A-StillEmployed,Active,Diversity Job Fair,Needs Improvement,2.39,3,02/22/2019,13
Monterro,Luisa,J,10025,31,5,Kissy Sullivan,05/13/2013,72460,Monterro.Luisa@gmail.com,,female,04/24/1970,Single,US Citizen,Black or African American,MA,2126,,N/A-StillEmployed,Active,Indeed,Exceeds,4.7,3,01/14/2019,1
Moran,Patrick,F,10223,31,5,Kelley Spirea,01/09/2012,72106,Moran.Patrick@outlook.com,,male,12/03/1976,Single,US Citizen,Black or African American,MA,2127,,N/A-StillEmployed,Active,Diversity Job Fair,Fully Meets,4.1,4,01/31/2019,12
Morway,Tanya,B,10151,24,2,Peter Monroe,02/16/2015,52599,Morway.Tanya@gmail.com,,female,04/04/1979,Married,US Citizen,White,MA,2048,,N/A-StillEmployed,Active,CareerBuilder,Fully Meets,3.81,3,02/11/2019,6
Motlagh, Dawn,D,10254,30,5,Elijiah Gray,04/01/2013,63430,Motlagh.Dawn@hotmail.com,,female,07/07/1984,Divorced,US Citizen,White,MA,2453,,N/A-StillEmployed,Active,LinkedIn,Fully Meets,4.4,4,01/17/2019,18
Moumanil,Maliki,M,10120,31,5,Michael Albert,05/13/2013,74417,Moumanil.Maliki@outlook.com,,male,12/01/1974,Separated,US Citizen,Black or African American,MA,1460,,N/A-StillEmployed,Active,LinkedIn,Fully Meets,4.29,5,01/28/2019,11
Myers,Michael,D,10216,30,5,Kissy Sullivan,07/08/2013,57575,Myers.Michael@yahoo.com,,male,04/18/1980,Single,US Citizen,Asian,MA,1550,,N/A-StillEmployed,Active,LinkedIn,Fully Meets,4.1,4,01/22/2019,13
Navathe,Kurt,U,10079,18,2,Brian Champaigne,02/10/2017,87921,Navathe.Kurt@yahoo.com,,male,04/25/1970,Single,US Citizen,Asian,MA,2056,,N/A-StillEmployed,Active,Indeed,Fully Meets,5,3,02/25/2019,17
Ndzi,Colombui,O,10215,30,5,Webster Butler,09/26/2011,50470,Ndzi.Colombui@outlook.com,,male,05/02/1989,Single,US Citizen,Black or African American,MA,2110,04/04/2014,return to school,Voluntarily Terminated,Diversity Job Fair,Fully Meets,4.3,3,03/02/2013,19
Ndzi,Horia,E,10185,30,5,Amy Dunn,04/01/2013,46664,Ndzi.Horia@yahoo.com,,male,03/28/1983,Married,US Citizen,White,MA,2421,05/25/2016,more money,Voluntarily Terminated,Employee Referral,Fully Meets,3.18,3,03/06/2016,10
Newman,Richard,U,10063,30,5,Ketsia Liebig,05/12/2014,48495,Newman.Richard@outlook.com,,male,04/08/1977,Married,US Citizen,White,MA,2136,,N/A-StillEmployed,Active,LinkedIn,Fully Meets,5,5,02/18/2019,11
Ngodup,Shari,N,10037,30,5,Brannon Miller,04/01/2013,52984,Ngodup.Shari@outlook.com,,female,06/03/1967,Separated,US Citizen,Black or African American,MA,1810,,N/A-StillEmployed,Active,Diversity Job Fair,Exceeds,4,3,02/13/2019,12
Nguyen,Dheepa,F,10042,8,4,Lynn Daneault,07/08/2013,63695,Nguyen.Dheepa@hotmail.com,,female,03/31/1989,Single,US Citizen,Two or more races,GA,30428,,N/A-StillEmployed,Active,Indeed,Fully Meets,5,5,01/25/2019,2
Nguyen,Lei,X,10206,30,5,David Stanley,07/08/2013,62061,Nguyen.Lei@yahoo.com,,female,07/07/1984,Single,US Citizen,White,MA,2132,,N/A-StillEmployed,Active,LinkedIn,Fully Meets,3.6,5,01/02/2019,4
Nowlan,Kristie,M,10104,31,5,Elijiah Gray,11/10/2014,66738,Nowlan.Kristie@yahoo.com,,female,11/23/1985,Single,US Citizen,White,MA,1040,,N/A-StillEmployed,Active,Indeed,Fully Meets,4.53,5,01/16/2019,5
O'hare,Lynn,V,10303,30,5,Kissy Sullivan,03/31/2014,52674,O'hare.Lynn@gmail.com,,female,09/30/1980,Single,US Citizen,Two or more races,MA,2152,05/01/2018,performance,Terminated for Cause,LinkedIn,PIP,2.33,2,03/09/2018,3
Oliver,Brooke,I,10078,31,5,Webster Butler,05/14/2012,71966,Oliver.Brooke@outlook.com,,female,02/11/1952,Married,US Citizen,Asian,MA,2492,08/19/2013,unhappy,Voluntarily Terminated,LinkedIn,Fully Meets,5,3,07/02/2013,17
Onque,Jasmine,D,10121,8,4,Lynn Daneault,09/30/2013,63051,Onque.Jasmine@yahoo.com,,female,05/11/1990,Single,US Citizen,White,FL,33174,,N/A-StillEmployed,Active,Indeed,Fully Meets,4.28,3,01/25/2019,1
Osturnka,Adeel,H,10021,30,5,Kelley Spirea,09/30/2013,47414,Osturnka.Adeel@gmail.com,,male,12/11/1976,Married,US Citizen,White,MA,2478,,N/A-StillEmployed,Active,LinkedIn,Exceeds,5,3,02/07/2019,13
Owad,Clinton,H,10281,30,5,Michael Albert,02/17/2014,53060,Owad.Clinton@gmail.com,,male,11/24/1979,Single,US Citizen,Black or African American,MA,1760,,N/A-StillEmployed,Active,LinkedIn,Needs Improvement,4.25,3,02/04/2019,6
Ozark,Travis,K,10041,8,4,John Smith,01/05/2015,68829,Ozark.Travis@hotmail.com,,male,05/19/1982,Single,US Citizen,White,NC,27229,,N/A-StillEmployed,Active,Website,Fully Meets,5,5,01/14/2019,18
Panjwani,Nina,G,10148,30,5,Elijiah Gray,02/07/2011,63515,Panjwani.Nina@outlook.com,,female,05/01/1979,Married,US Citizen,White,MA,2351,01/12/2014,Another position,Voluntarily Terminated,Google Search,Fully Meets,3.89,4,03/04/2013,7
Patronick,Lucas,E,10005,23,3,Alex Sweetwater,11/07/2011,108987,Patronick.Lucas@yahoo.com,,male,02/20/1979,Single,US Citizen,Black or African American,MA,1844,09/07/2015,Another position,Voluntarily Terminated,Diversity Job Fair,Exceeds,5,5,08/16/2015,13
Pearson,Randall,A,10259,21,2,Simon Roup,12/01/2014,93093,Pearson.Randall@outlook.com,,male,09/05/1984,Married,US Citizen,White,MA,2747,05/01/2016,performance,Voluntarily Terminated,Employee Referral,Fully Meets,4.7,4,01/16/2016,19
Smith,Martin,J,10286,30,5,Webster Butler,01/10/2011,53564,Smith.Martin@outlook.com,,male,03/17/1988,Single,US Citizen,Black or African American,MA,2458,12/28/2017,career change,Voluntarily Terminated,Google Search,Needs Improvement,3.54,5,04/06/2017,15
Pelletier,Ermine,I,10297,31,5,Amy Dunn,07/05/2011,60270,Pelletier.Ermine@gmail.com,,female,07/18/1989,Married,US Citizen,Asian,MA,2472,09/15/2015,unhappy,Voluntarily Terminated,CareerBuilder,Needs Improvement,2.4,5,02/06/2015,2
Perry,Shakira,P,10171,30,5,Amy Dunn,05/16/2011,45998,Perry.Shakira@yahoo.com,,female,07/20/1986,Single,US Citizen,White,MA,2176,10/25/2015,medical issues,Voluntarily Terminated,LinkedIn,Fully Meets,3.45,4,05/13/2014,5
Peters,Lauren,U,10032,31,5,Ketsia Liebig,05/16/2011,57954,Peters.Lauren@yahoo.com,,female,08/17/1986,Married,US Citizen,White,MA,1886,02/04/2013,more money,Voluntarily Terminated,Indeed,Exceeds,4.2,5,01/10/2013,12
Peterson,Ebonee,P,10130,7,5,Janet King,10/25/2010,74669,Peterson.Ebonee@hotmail.com,,female,05/09/1977,Married,US Citizen,White,MA,2030,05/18/2016,Another position,Voluntarily Terminated,Indeed,Fully Meets,4.16,5,03/05/2015,6
Petingill,Shana,Q,10217,31,5,Brannon Miller,04/02/2012,74226,Petingill.Shana@outlook.com,,female,03/10/1979,Married,Eligible NonCitizen,Asian,MA,2050,,N/A-StillEmployed,Active,LinkedIn,Fully Meets,4.3,3,01/14/2019,14
Petrowsky,Thelma,W,10016,21,2,Simon Roup,11/10/2014,93554,Petrowsky.Thelma@yahoo.com,,female,09/16/1984,Married,US Citizen,Black or African American,MA,1886,,N/A-StillEmployed,Active,Employee Referral,Exceeds,4.6,5,01/04/2019,16
Pham,Hong,U,10050,30,5,Brannon Miller,07/05/2011,64724,Pham.Hong@hotmail.com,,male,03/06/1988,Married,US Citizen,Asian,MA,2451,11/30/2012,more money,Voluntarily Terminated,Google Search,Fully Meets,5,3,02/20/2012,13
Pitt,Brad,O,10164,30,5,David Stanley,11/05/2007,47001,Pitt.Brad@outlook.com,,male,11/23/1981,Single,US Citizen,White,MA,2451,,N/A-StillEmployed,Active,Google Search,Fully Meets,3.66,3,02/25/2019,15
Potts,Xana,V,10124,8,4,Lynn Daneault,01/09/2012,61844,Potts.Xana@hotmail.com,,female,08/29/1988,Married,US Citizen,Black or African American,KY,40220,,N/A-StillEmployed,Active,Website,Fully Meets,4.2,5,02/01/2019,9
Power,Morissa,M,10187,30,5,Kissy Sullivan,05/16/2011,46799,Power.Morissa@hotmail.com,,female,10/15/1984,Divorced,Eligible NonCitizen,Asian,MA,1742,06/04/2018,Another position,Voluntarily Terminated,Google Search,Fully Meets,3.17,4,04/02/2018,14
Punjabhi,Louis,Z,10225,30,5,Kelley Spirea,01/06/2014,59472,Punjabhi.Louis@outlook.com,,male,06/19/1961,Single,US Citizen,White,MA,2109,,N/A-StillEmployed,Active,Employee Referral,Fully Meets,4.8,3,01/07/2019,14
Purinton,Janine,M,10262,30,5,Kissy Sullivan,09/24/2012,46430,Purinton.Janine@gmail.com,,female,09/22/1970,Divorced,US Citizen,White,MA,2474,06/18/2013,unhappy,Voluntarily Terminated,Indeed,Fully Meets,4.5,5,04/02/2013,16
Quinn,Sean,S,10131,23,3,Janet King,02/21/2011,83363,Quinn.Sean@yahoo.com,,male,11/06/1984,Married,Eligible NonCitizen,Black or African American,MA,2045,08/15/2015,career change,Voluntarily Terminated,Diversity Job Fair,Fully Meets,4.15,4,04/19/2014,4
Rachael,Maggie,Q,10239,22,2,Brian Champaigne,10/02/2016,95920,Rachael.Maggie@outlook.com,,female,05/12/1980,Married,US Citizen,Black or African American,MA,2110,,N/A-StillEmployed,Active,Indeed,Fully Meets,4.4,4,02/06/2019,10
Rarrick,Quinn,Y,10152,30,5,Michael Albert,09/26/2011,61729,Rarrick.Quinn@hotmail.com,,male,12/31/1984,Divorced,US Citizen,White,MA,2478,04/07/2018,more money,Voluntarily Terminated,Indeed,Fully Meets,3.8,5,02/04/2018,19
Ren,Kylo,D,10140,8,4,John Smith,05/12/2014,61809,Ren.Kylo@hotmail.com,,male,10/12/1954,Married,US Citizen,White,ID,83706,,N/A-StillEmployed,Active,CareerBuilder,Fully Meets,3.98,3,01/28/2019,4
Rhoads,Thomas,I,10058,30,5,Elijiah Gray,05/16/2011,45115,Rhoads.Thomas@hotmail.com,,male,07/22/1982,Divorced,US Citizen,White,MA,2176,01/15/2016,retiring,Voluntarily Terminated,LinkedIn,Fully Meets,5,4,03/30/2015,11
Rivera,Haley,I,10011,30,5,Webster Butler,11/28/2011,46738,Rivera.Haley@hotmail.com,,female,01/12/1973,Married,US Citizen,Asian,MA,2171,,N/A-StillEmployed,Active,Google Search,Exceeds,4.36,5,02/11/2019,16
Roberson,May,V,10230,31,5,David Stanley,09/26/2011,64971,Roberson.May@hotmail.com,,female,09/05/1981,Divorced,Eligible NonCitizen,Black or African American,MA,1902,10/22/2011,return to school,Voluntarily Terminated,Google Search,Fully Meets,4.5,4,10/22/2011,10
Robertson,Peter,V,10224,31,5,Kissy Sullivan,07/05/2011,55578,Robertson.Peter@outlook.com,,male,07/03/1972,Married,US Citizen,White,MA,2138,02/08/2012,Another position,Voluntarily Terminated,Indeed,Fully Meets,4.2,5,01/06/2012,13
Robinson,Alain,T,10047,30,5,Amy Dunn,01/10/2011,50428,Robinson.Alain@outlook.com,,male,01/07/1974,Married,US Citizen,Black or African American,MA,1420,01/26/2016,attendance,Voluntarily Terminated,Indeed,Fully Meets,5,3,01/10/2015,11
Robinson,Cherly,K,10285,30,5,Ketsia Liebig,01/10/2011,61422,Robinson.Cherly@hotmail.com,,female,01/07/1985,Married,US Citizen,White,MA,1460,05/17/2016,attendance,Terminated for Cause,Indeed,Needs Improvement,3.6,3,04/05/2016,16
Robinson,Elias,C,10020,30,5,Brannon Miller,07/08/2013,63353,Robinson.Elias@outlook.com,,male,01/28/1985,Widowed,US Citizen,White,MA,1730,,N/A-StillEmployed,Active,Employee Referral,Exceeds,3.6,5,02/11/2019,4
Roby,Lori,N,10162,21,2,Simon Roup,02/16/2015,89883,Roby.Lori@hotmail.com,,female,10/11/1981,Married,US Citizen,White,MA,1886,,N/A-StillEmployed,Active,Employee Referral,Fully Meets,3.69,5,02/14/2019,15
Roehrich,Bianca,M,10149,19,2,Simon Roup,01/05/2015,120000,Roehrich.Bianca@yahoo.com,,female,05/27/1973,Single,US Citizen,White,MA,2703,11/10/2018,Another position,Voluntarily Terminated,LinkedIn,Fully Meets,3.88,3,02/13/2018,12
Roper,Katie,H,10086,20,2,Brian Champaigne,01/07/2017,150290,Roper.Katie@yahoo.com,,female,11/21/1972,Single,US Citizen,Black or African American,MA,2056,,N/A-StillEmployed,Active,Indeed,Fully Meets,4.94,3,02/06/2019,17
Rose,Ashley,Y,10054,30,5,David Stanley,01/06/2014,60627,Rose.Ashley@gmail.com,,female,12/05/1974,Separated,US Citizen,White,MA,1886,,N/A-StillEmployed,Active,Website,Fully Meets,5,4,01/31/2019,8
Rossetti,Bruno,V,10065,30,5,Kissy Sullivan,04/04/2011,53180,Rossetti.Bruno@gmail.com,,male,03/18/1987,Single,US Citizen,White,MA,2155,08/13/2018,Another position,Voluntarily Terminated,Google Search,Fully Meets,5,5,07/02/2018,4
Roup,Jeseph,C,10198,14,2,Jennifer Zamora,01/20/2013,140920,Roup.Jeseph@yahoo.com,,male,04/05/1973,Single,US Citizen,White,MA,2481,,N/A-StillEmployed,Active,Indeed,Fully Meets,3.6,5,02/18/2019,13
Ruiz,Ricardo,V,10222,14,2,Jennifer Zamora,01/09/2012,148999,Ruiz.Ricardo@outlook.com,,male,01/04/1964,Divorced,US Citizen,Black or African American,MA,1915,11/04/2015,hours,Voluntarily Terminated,Diversity Job Fair,Fully Meets,4.3,4,01/04/2015,8
Saada,Adell,Q,10126,23,3,Alex Sweetwater,11/05/2012,86214,Saada.Adell@outlook.com,,female,07/24/1986,Married,US Citizen,White,MA,2132,,N/A-StillEmployed,Active,Indeed,Fully Meets,4.2,3,02/13/2019,2
Saar-Beckles,Melinda,K,10295,30,5,Kelley Spirea,07/04/2016,47750,Saar-Beckles.Melinda@yahoo.com,,female,06/06/1968,Single,US Citizen,Black or African American,MA,1801,,N/A-StillEmployed,Active,Diversity Job Fair,Needs Improvement,2.6,4,02/18/2019,4
Sadki,Nore,L,10260,30,5,Michael Albert,01/05/2009,46428,Sadki.Nore@gmail.com,,male,12/21/1974,Single,US Citizen,White,MA,2148,07/30/2018,relocation out of area,Voluntarily Terminated,Google Search,Fully Meets,4.6,5,02/05/2018,7
Sahoo,Adil,R,10233,31,5,Kelley Spirea,08/30/2010,57975,Sahoo.Adil@hotmail.com,,male,04/26/1986,Married,US Citizen,White,MA,2062,,N/A-StillEmployed,Active,CareerBuilder,Fully Meets,4.1,3,01/10/2019,13
Salter,Jason,Y,10229,21,2,Simon Roup,01/05/2015,88527,Salter.Jason@yahoo.com,,male,12/17/1987,Divorced,US Citizen,Black or African American,MA,2452,10/31/2015,hours,Voluntarily Terminated,LinkedIn,Fully Meets,4.2,3,04/20/2015,2
Sander,Kamrin,M,10169,30,5,Elijiah Gray,09/29/2014,56147,Sander.Kamrin@hotmail.com,,female,07/10/1988,Married,US Citizen,Black or African American,MA,2154,,N/A-StillEmployed,Active,LinkedIn,Fully Meets,3.51,3,02/18/2019,2
Sewkumar,Nori,G,10071,30,5,Webster Butler,09/30/2013,50923,Sewkumar.Nori@outlook.com,,female,03/10/1975,Single,US Citizen,Asian,MA,2191,,N/A-StillEmployed,Active,Google Search,Fully Meets,5,5,02/06/2019,14
Shepard,Anita,W,10179,24,2,Peter Monroe,09/30/2014,50750,Shepard.Anita@outlook.com,,female,04/14/1981,Married,US Citizen,White,MA,1773,,N/A-StillEmployed,Active,LinkedIn,Fully Meets,3.31,3,01/07/2019,7
Shields,Seffi,Q,10091,30,5,Amy Dunn,08/19/2013,52087,Shields.Seffi@gmail.com,,female,08/24/1985,Married,US Citizen,White,MA,2149,,N/A-StillEmployed,Active,LinkedIn,Fully Meets,4.81,4,02/15/2019,15
Simard,Kramer,B,10178,21,2,Simon Roup,01/05/2015,87826,Simard.Kramer@gmail.com,,male,02/08/1970,Married,US Citizen,White,MA,2110,,N/A-StillEmployed,Active,Employee Referral,Fully Meets,3.32,3,01/14/2019,16
Singh,Nan,A,10039,29,6,Brandon R. LeBlanc,05/01/2015,51920,Singh.Nan@hotmail.com,,female,05/19/1988,Single,US Citizen,White,MA,2330,,N/A-StillEmployed,Active,Website,Fully Meets,5,3,01/15/2019,2
Sloan,Constance,Q,10095,31,5,Michael Albert,10/26/2009,63878,Sloan.Constance@yahoo.com,,female,11/25/1987,Single,US Citizen,White,MA,1851,04/08/2015,maternity leave - did not return,Voluntarily Terminated,CareerBuilder,Fully Meets,4.68,4,04/02/2015,20
Smith,Joe,E,10027,31,5,Elijiah Gray,09/29/2014,60656,Smith.Joe@gmail.com,,male,10/30/1963,Single,US Citizen,White,MA,2045,,N/A-StillEmployed,Active,Indeed,Exceeds,4.3,3,01/28/2019,4
Smith,John,H,10291,10,4,Debra Houlihan,05/18/2014,72992,Smith.John@yahoo.com,,male,08/16/1984,Divorced,US Citizen,Black or African American,MA,1886,,N/A-StillEmployed,Active,Diversity Job Fair,Needs Improvement,2.4,4,01/16/2019,16
Smith,Leigh,Q,10153,29,6,Brandon R. LeBlanc,09/26/2011,55000,Smith.Leigh@hotmail.com,,female,06/14/1987,Married,US Citizen,Black or African American,MA,1844,09/25/2013,career change,Voluntarily Terminated,Diversity Job Fair,Fully Meets,3.8,4,08/15/2013,17
Smith,Sade,I,10157,30,5,Ketsia Liebig,11/11/2013,58939,Smith.Sade@outlook.com,,female,02/02/1965,Single,US Citizen,White,MA,2130,,N/A-StillEmployed,Active,Employee Referral,Fully Meets,3.73,3,01/24/2019,16
Soto,Julia,X,10119,28,2,Eric Dougall,06/10/2011,66593,Soto.Julia@yahoo.com,,female,03/12/1973,Married,US Citizen,Black or African American,MA,2360,,N/A-StillEmployed,Active,LinkedIn,Fully Meets,4.3,3,02/08/2019,19
Soze,Keyser,N,10180,17,2,Peter Monroe,06/30/2016,87565,Soze.Keyser@outlook.com,,male,02/09/1983,Married,US Citizen,Asian,MA,1545,,N/A-StillEmployed,Active,LinkedIn,Fully Meets,3.27,4,01/14/2019,13
Sparks,Taylor,B,10302,30,5,Brannon Miller,02/20/2012,64021,Sparks.Taylor@hotmail.com,,female,07/20/1968,Married,US Citizen,White,MA,2093,,N/A-StillEmployed,Active,Indeed,PIP,2.4,2,02/25/2019,20
Spirea,Kelley,D,10090,7,5,Janet King,10/02/2012,65714,Spirea.Kelley@outlook.com,,female,09/30/1975,Married,US Citizen,White,MA,2451,,N/A-StillEmployed,Active,LinkedIn,Fully Meets,4.83,5,02/14/2019,15
Squatrito,Kristen,O,10030,30,5,David Stanley,05/13/2013,62425,Squatrito.Kristen@outlook.com,,female,03/26/1973,Divorced,US Citizen,White,MA,2359,06/29/2015,unhappy,Voluntarily Terminated,LinkedIn,Exceeds,4.1,4,03/02/2015,16
Stanford,Barbara,Z,10278,30,5,Kissy Sullivan,01/10/2011,47961,Stanford.Barbara@hotmail.com,,female,08/25/1982,Divorced,US Citizen,Two or more races,MA,2050,,N/A-StillEmployed,Active,Google Search,Fully Meets,4.1,4,02/07/2019,9
Stansfield,Norman,U,10307,8,4,Lynn Daneault,05/12/2014,58273,Stansfield.Norman@yahoo.com,,male,05/09/1974,Married,US Citizen,White,NV,89139,,N/A-StillEmployed,Active,Website,PIP,1.81,2,01/17/2019,5
Steans,Tyrone,W,10147,27,6,Brandon R. LeBlanc,09/29/2014,63003,Steans.Tyrone@hotmail.com,,male,09/01/1986,Single,US Citizen,White,MA,2703,,N/A-StillEmployed,Active,Indeed,Fully Meets,3.9,5,01/18/2019,9
Stoica,Rick,E,10266,30,5,Kelley Spirea,02/17/2014,61355,Stoica.Rick@hotmail.com,,male,03/14/1985,Married,US Citizen,Asian,MA,2301,,N/A-StillEmployed,Active,LinkedIn,Fully Meets,4.7,3,01/11/2019,4
Strong,Caitrin,C,10241,8,4,John Smith,09/27/2010,60120,Strong.Caitrin@yahoo.com,,female,05/12/1989,Married,US Citizen,Black or African American,MT,59102,,N/A-StillEmployed,Active,Indeed,Fully Meets,4.1,4,01/31/2019,18
Sullivan,Kissy,J,10158,7,5,Janet King,01/08/2009,63682,Sullivan.Kissy@gmail.com,,female,03/28/1978,Married,US Citizen,Black or African American,MA,1776,,N/A-StillEmployed,Active,Indeed,Fully Meets,3.73,4,01/24/2019,12
Sullivan,Timothy,V,10117,30,5,Michael Albert,01/05/2015,63025,Sullivan.Timothy@outlook.com,,male,10/07/1982,Married,US Citizen,White,MA,2747,,N/A-StillEmployed,Active,Google Search,Fully Meets,4.36,5,01/24/2019,10
Sutwell,Barbara,J,10209,30,5,Elijiah Gray,05/14/2012,59238,Sutwell.Barbara@yahoo.com,,female,08/15/1968,Single,Eligible NonCitizen,Asian,MA,2718,,N/A-StillEmployed,Active,Indeed,Fully Meets,3.4,5,01/31/2019,13
Szabo,Andrew,C,10024,23,3,Alex Sweetwater,07/07/2014,92989,Szabo.Andrew@outlook.com,,male,05/06/1983,Single,US Citizen,White,MA,2140,,N/A-StillEmployed,Active,LinkedIn,Exceeds,4.5,5,02/18/2019,1
Tannen,Biff,M,10173,22,2,Brian Champaigne,04/20/2017,90100,Tannen.Biff@hotmail.com,,male,10/24/1987,Married,US Citizen,White,MA,2134,,N/A-StillEmployed,Active,Indeed,Fully Meets,3.4,3,01/02/2019,14
Tavares,Desiree,B,10221,30,5,Webster Butler,04/27/2009,60754,Tavares.Desiree@yahoo.com,,female,04/03/1975,Married,Non-Citizen,Black or African American,MA,1801,04/01/2013,Another position,Voluntarily Terminated,Diversity Job Fair,Fully Meets,4.5,5,02/15/2012,11
Tejeda,Lenora,W,10146,31,5,Elijiah Gray,05/16/2011,72202,Tejeda.Lenora@gmail.com,,female,05/24/1953,Married,US Citizen,White,MA,2129,07/08/2017,Another position,Voluntarily Terminated,Google Search,Fully Meets,3.93,3,04/18/2017,3
Terry,Sharlene,Z,10161,8,4,Lynn Daneault,09/29/2014,58370,Terry.Sharlene@hotmail.com,,female,05/07/1965,Single,US Citizen,Black or African American,OR,97756,,N/A-StillEmployed,Active,Indeed,Fully Meets,3.69,3,01/28/2019,18
Theamstern,Sophia,P,10141,30,5,Amy Dunn,07/05/2011,48413,Theamstern.Sophia@outlook.com,,female,05/09/1965,Single,US Citizen,White,MA,2066,09/05/2016,return to school,Voluntarily Terminated,Indeed,Fully Meets,3.98,4,03/02/2016,1
Thibaud,Kenneth,X,10268,31,5,Webster Butler,06/25/2007,67176,Thibaud.Kenneth@yahoo.com,,male,09/16/1975,Widowed,US Citizen,White,MA,2472,08/30/2010,military,Voluntarily Terminated,Other,Fully Meets,4.1,4,07/14/2010,15
Tippett,Jeanette,F,10123,30,5,Brannon Miller,02/18/2013,56339,Tippett.Jeanette@gmail.com,,female,06/05/1967,Divorced,US Citizen,Black or African American,MA,2093,,N/A-StillEmployed,Active,Indeed,Fully Meets,4.21,5,01/14/2019,4
Torrence,Jack,X,10013,8,4,Lynn Daneault,01/09/2006,64397,Torrence.Jack@yahoo.com,,male,01/15/1968,Separated,US Citizen,White,ND,58782,,N/A-StillEmployed,Active,Indeed,Exceeds,4.1,3,01/04/2019,6
Trang,Mei,J,10287,30,5,David Stanley,02/17/2014,63025,Trang.Mei@yahoo.com,,female,05/16/1983,Single,US Citizen,White,MA,2021,,N/A-StillEmployed,Active,LinkedIn,Needs Improvement,2.44,5,02/11/2019,18
Tredinnick,Neville,N,10044,24,2,Peter Monroe,01/05/2015,75281,Tredinnick.Neville@hotmail.com,,male,05/05/1988,Married,US Citizen,White,MA,1420,02/12/2016,medical issues,Voluntarily Terminated,CareerBuilder,Fully Meets,5,3,04/15/2015,11
TRUE,Edward,Q,10102,23,3,Alex Sweetwater,02/18/2013,100416,TRUE.Edward@hotmail.com,,male,06/14/1983,Single,Non-Citizen,Black or African American,MA,2451,04/15/2018,medical issues,Voluntarily Terminated,Diversity Job Fair,Fully Meets,4.6,3,02/12/2017,9
Trzeciak,Cybil,F,10270,31,5,Amy Dunn,01/10/2011,74813,Trzeciak.Cybil@gmail.com,,female,03/15/1985,Single,US Citizen,White,MA,1778,07/02/2014,unhappy,Voluntarily Terminated,LinkedIn,Fully Meets,4.4,3,01/05/2014,5
Turpin,Jumil,M,10045,24,2,Peter Monroe,03/30/2015,76029,Turpin.Jumil@gmail.com,,male,03/31/1969,Married,Eligible NonCitizen,White,MA,2343,,N/A-StillEmployed,Active,Employee Referral,Fully Meets,5,4,01/14/2019,8
Valentin,Ronaldo,G,10205,8,4,John Smith,07/05/2011,57859,Valentin.Ronaldo@yahoo.com,,female,05/23/1991,Married,US Citizen,Two or more races,AZ,85006,,N/A-StillEmployed,Active,Indeed,Fully Meets,2.81,3,01/17/2019,16
Veera,Abdellah,T,10014,30,5,Kissy Sullivan,08/13/2012,58523,Veera.Abdellah@outlook.com,,male,01/31/1987,Divorced,US Citizen,White,MA,2171,02/05/2016,maternity leave - did not return,Voluntarily Terminated,LinkedIn,Exceeds,4.5,5,02/01/2016,15
Vega,Vincent,B,10144,7,5,Janet King,08/01/2011,88976,Vega.Vincent@hotmail.com,,male,10/10/1968,Divorced,US Citizen,White,MA,2169,,N/A-StillEmployed,Active,Employee Referral,Fully Meets,3.93,3,02/27/2019,19
Villanueva,Noah,M,10253,8,4,John Smith,03/05/2012,55875,Villanueva.Noah@outlook.com,,male,07/11/1989,Single,US Citizen,Asian,ME,4063,,N/A-StillEmployed,Active,Website,Fully Meets,4.5,4,01/18/2019,11
Voldemort,Lord,A,10118,26,2,Simon Roup,02/16/2015,113999,Voldemort.Lord@outlook.com,,male,08/07/1986,Married,US Citizen,Black or African American,MA,1960,02/22/2017,"no-call, no-show",Terminated for Cause,Employee Referral,Fully Meets,4.33,3,02/15/2017,9
Volk,Colleen,L,10022,30,5,Kelley Spirea,09/26/2011,49773,Volk.Colleen@hotmail.com,,female,06/03/1986,Married,US Citizen,White,MA,2747,02/08/2016,gross misconduct,Terminated for Cause,Google Search,Exceeds,4.3,5,02/01/2015,18
Von Massenbach,Anna,U,10183,30,5,Michael Albert,07/05/2015,62068,Von Massenbach.Anna@yahoo.com,,female,04/06/1985,Single,US Citizen,White,MA,2124,,N/A-StillEmployed,Active,LinkedIn,Fully Meets,3.21,3,01/29/2019,7
Walker,Roger,M,10190,31,5,Ketsia Liebig,08/18/2014,66541,Walker.Roger@outlook.com,,male,02/10/1976,Single,US Citizen,Black or African American,MA,2459,,N/A-StillEmployed,Active,Employee Referral,Fully Meets,3.11,5,02/12/2019,4
Wallace,Courtney,K,10274,7,5,Janet King,09/26/2011,80512,Wallace.Courtney@outlook.com,,female,11/14/1955,Married,US Citizen,Black or African American,MA,2478,01/02/2012,Another position,Voluntarily Terminated,Diversity Job Fair,Fully Meets,4.5,3,01/02/2012,5
Wallace,Theresa,R,10293,30,5,Elijiah Gray,08/13/2012,50274,Wallace.Theresa@yahoo.com,,female,08/02/1980,Single,US Citizen,White,MA,1887,09/01/2015,career change,Voluntarily Terminated,CareerBuilder,Needs Improvement,2.5,3,09/05/2014,13
Wang,Charlie,F,10172,18,2,Brian Champaigne,02/15/2017,84903,Wang.Charlie@hotmail.com,,male,07/08/1981,Single,US Citizen,Asian,MA,1887,,N/A-StillEmployed,Active,Indeed,Fully Meets,3.42,4,01/04/2019,17
Warfield,Sarah,Z,10127,17,2,Peter Monroe,03/30/2015,107226,Warfield.Sarah@outlook.com,,female,05/02/1978,Widowed,US Citizen,Asian,MA,2453,,N/A-StillEmployed,Active,Employee Referral,Fully Meets,4.2,4,02/05/2019,7
Whittier,Scott,J,10072,30,5,Webster Butler,01/10/2011,58371,Whittier.Scott@gmail.com,,male,05/24/1987,Single,US Citizen,White,MA,2030,05/15/2014,hours,Voluntarily Terminated,LinkedIn,Fully Meets,5,5,05/15/2014,11
Wilber,Barry,D,10048,30,5,Amy Dunn,05/16/2011,55140,Wilber.Barry@hotmail.com,,male,09/09/1965,Married,Eligible NonCitizen,White,MA,2324,09/07/2015,unhappy,Voluntarily Terminated,Website,Fully Meets,5,3,02/15/2015,7
Wilkes,Annie,K,10204,30,5,Ketsia Liebig,01/10/2011,58062,Wilkes.Annie@yahoo.com,,female,07/30/1983,Divorced,US Citizen,White,MA,1876,05/14/2012,Another position,Voluntarily Terminated,Google Search,Fully Meets,3.6,5,02/06/2011,9
Williams,Jacquelyn,U,10264,30,5,Ketsia Liebig,01/09/2012,59728,Williams.Jacquelyn@outlook.com,,female,10/02/1969,Single,US Citizen,Black or African American,MA,2109,06/27/2015,relocation out of area,Voluntarily Terminated,Diversity Job Fair,Fully Meets,4.3,4,06/02/2014,16
Winthrop,Jordan,C,10033,31,5,Brannon Miller,01/07/2013,70507,Winthrop.Jordan@yahoo.com,,male,11/07/1958,Single,US Citizen,White,MA,2045,02/21/2016,retiring,Voluntarily Terminated,LinkedIn,Exceeds,5,3,01/19/2016,7
Wolk,Hang,D,10174,31,5,David Stanley,09/29/2014,60446,Wolk.Hang@hotmail.com,,female,04/20/1985,Single,US Citizen,White,MA,2302,,N/A-StillEmployed,Active,LinkedIn,Fully Meets,3.4,4,02/21/2019,14
Woodson,Jason,C,10135,31,5,Kissy Sullivan,07/07/2014,65893,Woodson.Jason@gmail.com,,male,05/11/1985,Single,US Citizen,White,MA,1810,,N/A-StillEmployed,Active,LinkedIn,Fully Meets,4.07,4,02/28/2019,13
Ybarra,Catherine,N,10301,30,5,Brannon Miller,09/02/2008,48513,Ybarra.Catherine@hotmail.com,,female,05/04/1982,Single,US Citizen,Asian,MA,2458,09/29/2015,Another position,Voluntarily Terminated,Google Search,PIP,3.2,2,09/02/2015,4
Zamora,Jennifer,W,10010,2,2,Janet King,04/10/2010,220450,Zamora.Jennifer@yahoo.com,,female,08/30/1979,Single,US Citizen,White,MA,2067,,N/A-StillEmployed,Active,Employee Referral,Exceeds,4.6,5,02/21/2019,16
Zhou,Julia,C,10043,21,2,Simon Roup,03/30/2015,89292,Zhou.Julia@hotmail.com,,female,02/24/1979,Single,US Citizen,White,MA,2148,,N/A-StillEmployed,Active,Employee Referral,Fully Meets,5,3,02/01/2019,11
Zima,Colleen,J,10271,30,5,David Stanley,09/29/2014,45046,Zima.Colleen@hotmail.com,,female,08/17/1978,Widowed,US Citizen,Asian,MA,1730,,N/A-StillEmployed,Active,LinkedIn,Fully Meets,4.5,5,01/30/2019,2
